OP State,Accelerator Core,Input Shapes,Input Data Types,Input Formats,Output Shapes,Output Data Types,Output Formats,Average Duration(us),Quant Type,Num Tokens,Hidden Size,Intermediate Size,Num Experts,TopK,EP Size,Local Experts,Model
dynamic,MIX_AIC,"1,2048;64,2816,2048",INT8;INT8,ND;ND,"1,2048",DT_BF16,ND,703.32,w8a8_dynamic,1,2048,1408,64,6,1,64,deepseek-v2-lite
dynamic,MIX_AIC,"2,2048;64,2816,2048",INT8;INT8,ND;ND,"2,2048",DT_BF16,ND,710.35,w8a8_dynamic,2,2048,1408,64,6,1,64,deepseek-v2-lite
dynamic,MIX_AIC,"4,2048;64,2816,2048",INT8;INT8,ND;ND,"4,2048",DT_BF16,ND,698.82,w8a8_dynamic,4,2048,1408,64,6,1,64,deepseek-v2-lite
dynamic,MIX_AIC,"8,2048;64,2816,2048",INT8;INT8,ND;ND,"8,2048",DT_BF16,ND,688.01,w8a8_dynamic,8,2048,1408,64,6,1,64,deepseek-v2-lite
dynamic,MIX_AIC,"16,2048;64,2816,2048",INT8;INT8,ND;ND,"16,2048",DT_BF16,ND,694.39,w8a8_dynamic,16,2048,1408,64,6,1,64,deepseek-v2-lite
dynamic,MIX_AIC,"32,2048;64,2816,2048",INT8;INT8,ND;ND,"32,2048",DT_BF16,ND,681.12,w8a8_dynamic,32,2048,1408,64,6,1,64,deepseek-v2-lite
dynamic,MIX_AIC,"64,2048;64,2816,2048",INT8;INT8,ND;ND,"64,2048",DT_BF16,ND,659.39,w8a8_dynamic,64,2048,1408,64,6,1,64,deepseek-v2-lite
dynamic,MIX_AIC,"128,2048;64,2816,2048",INT8;INT8,ND;ND,"128,2048",DT_BF16,ND,674.91,w8a8_dynamic,128,2048,1408,64,6,1,64,deepseek-v2-lite
dynamic,MIX_AIC,"256,2048;64,2816,2048",INT8;INT8,ND;ND,"256,2048",DT_BF16,ND,660.23,w8a8_dynamic,256,2048,1408,64,6,1,64,deepseek-v2-lite
dynamic,MIX_AIC,"512,2048;64,2816,2048",INT8;INT8,ND;ND,"512,2048",DT_BF16,ND,659.69,w8a8_dynamic,512,2048,1408,64,6,1,64,deepseek-v2-lite
dynamic,MIX_AIC,"1024,2048;64,2816,2048",INT8;INT8,ND;ND,"1024,2048",DT_BF16,ND,689.24,w8a8_dynamic,1024,2048,1408,64,6,1,64,deepseek-v2-lite
dynamic,MIX_AIC,"2048,2048;64,2816,2048",INT8;INT8,ND;ND,"2048,2048",DT_BF16,ND,1191.33,w8a8_dynamic,2048,2048,1408,64,6,1,64,deepseek-v2-lite
dynamic,MIX_AIC,"4096,2048;64,2816,2048",INT8;INT8,ND;ND,"4096,2048",DT_BF16,ND,1990.81,w8a8_dynamic,4096,2048,1408,64,6,1,64,deepseek-v2-lite
dynamic,MIX_AIC,"1,5120;40,3072,5120",INT8;INT8,ND;ND,"1,5120",DT_BF16,ND,756.53,w8a8_dynamic,1,5120,1536,160,6,4,40,deepseek-v2
dynamic,MIX_AIC,"2,5120;40,3072,5120",INT8;INT8,ND;ND,"2,5120",DT_BF16,ND,786.09,w8a8_dynamic,2,5120,1536,160,6,4,40,deepseek-v2
dynamic,MIX_AIC,"4,5120;40,3072,5120",INT8;INT8,ND;ND,"4,5120",DT_BF16,ND,794.06,w8a8_dynamic,4,5120,1536,160,6,4,40,deepseek-v2
dynamic,MIX_AIC,"8,5120;40,3072,5120",INT8;INT8,ND;ND,"8,5120",DT_BF16,ND,813.72,w8a8_dynamic,8,5120,1536,160,6,4,40,deepseek-v2
dynamic,MIX_AIC,"16,5120;40,3072,5120",INT8;INT8,ND;ND,"16,5120",DT_BF16,ND,826.38,w8a8_dynamic,16,5120,1536,160,6,4,40,deepseek-v2
dynamic,MIX_AIC,"32,5120;40,3072,5120",INT8;INT8,ND;ND,"32,5120",DT_BF16,ND,720.83,w8a8_dynamic,32,5120,1536,160,6,4,40,deepseek-v2
dynamic,MIX_AIC,"64,5120;40,3072,5120",INT8;INT8,ND;ND,"64,5120",DT_BF16,ND,732.47,w8a8_dynamic,64,5120,1536,160,6,4,40,deepseek-v2
dynamic,MIX_AIC,"128,5120;40,3072,5120",INT8;INT8,ND;ND,"128,5120",DT_BF16,ND,775.16,w8a8_dynamic,128,5120,1536,160,6,4,40,deepseek-v2
dynamic,MIX_AIC,"256,5120;40,3072,5120",INT8;INT8,ND;ND,"256,5120",DT_BF16,ND,750.33,w8a8_dynamic,256,5120,1536,160,6,4,40,deepseek-v2
dynamic,MIX_AIC,"512,5120;40,3072,5120",INT8;INT8,ND;ND,"512,5120",DT_BF16,ND,766.26,w8a8_dynamic,512,5120,1536,160,6,4,40,deepseek-v2
dynamic,MIX_AIC,"1024,5120;40,3072,5120",INT8;INT8,ND;ND,"1024,5120",DT_BF16,ND,791.85,w8a8_dynamic,1024,5120,1536,160,6,4,40,deepseek-v2
dynamic,MIX_AIC,"2048,5120;40,3072,5120",INT8;INT8,ND;ND,"2048,5120",DT_BF16,ND,989.79,w8a8_dynamic,2048,5120,1536,160,6,4,40,deepseek-v2
dynamic,MIX_AIC,"4096,5120;40,3072,5120",INT8;INT8,ND;ND,"4096,5120",DT_BF16,ND,1863.15,w8a8_dynamic,4096,5120,1536,160,6,4,40,deepseek-v2
dynamic,MIX_AIC,"1,7168;32,4096,7168",INT8;INT8,ND;ND,"1,7168",DT_BF16,ND,740.21,w8a8_dynamic,1,7168,2048,256,8,8,32,deepseek-v3
dynamic,MIX_AIC,"2,7168;32,4096,7168",INT8;INT8,ND;ND,"2,7168",DT_BF16,ND,759.02,w8a8_dynamic,2,7168,2048,256,8,8,32,deepseek-v3
dynamic,MIX_AIC,"4,7168;32,4096,7168",INT8;INT8,ND;ND,"4,7168",DT_BF16,ND,772.26,w8a8_dynamic,4,7168,2048,256,8,8,32,deepseek-v3
dynamic,MIX_AIC,"8,7168;32,4096,7168",INT8;INT8,ND;ND,"8,7168",DT_BF16,ND,834.99,w8a8_dynamic,8,7168,2048,256,8,8,32,deepseek-v3
dynamic,MIX_AIC,"16,7168;32,4096,7168",INT8;INT8,ND;ND,"16,7168",DT_BF16,ND,863.19,w8a8_dynamic,16,7168,2048,256,8,8,32,deepseek-v3
dynamic,MIX_AIC,"32,7168;32,4096,7168",INT8;INT8,ND;ND,"32,7168",DT_BF16,ND,833.44,w8a8_dynamic,32,7168,2048,256,8,8,32,deepseek-v3
dynamic,MIX_AIC,"64,7168;32,4096,7168",INT8;INT8,ND;ND,"64,7168",DT_BF16,ND,836.72,w8a8_dynamic,64,7168,2048,256,8,8,32,deepseek-v3
dynamic,MIX_AIC,"128,7168;32,4096,7168",INT8;INT8,ND;ND,"128,7168",DT_BF16,ND,991.68,w8a8_dynamic,128,7168,2048,256,8,8,32,deepseek-v3
dynamic,MIX_AIC,"256,7168;32,4096,7168",INT8;INT8,ND;ND,"256,7168",DT_BF16,ND,1036.95,w8a8_dynamic,256,7168,2048,256,8,8,32,deepseek-v3
dynamic,MIX_AIC,"512,7168;32,4096,7168",INT8;INT8,ND;ND,"512,7168",DT_BF16,ND,1093.96,w8a8_dynamic,512,7168,2048,256,8,8,32,deepseek-v3
dynamic,MIX_AIC,"1024,7168;32,4096,7168",INT8;INT8,ND;ND,"1024,7168",DT_BF16,ND,1165.17,w8a8_dynamic,1024,7168,2048,256,8,8,32,deepseek-v3
dynamic,MIX_AIC,"2048,7168;32,4096,7168",INT8;INT8,ND;ND,"2048,7168",DT_BF16,ND,1533.53,w8a8_dynamic,2048,7168,2048,256,8,8,32,deepseek-v3
dynamic,MIX_AIC,"4096,7168;32,4096,7168",INT8;INT8,ND;ND,"4096,7168",DT_BF16,ND,2403.54,w8a8_dynamic,4096,7168,2048,256,8,8,32,deepseek-v3
dynamic,MIX_AIC,"1,7168;32,4096,7168",INT8;INT8,ND;ND,"1,7168",DT_BF16,ND,639.85,w8a8_dynamic,1,7168,2048,256,8,8,32,glm-5
dynamic,MIX_AIC,"2,7168;32,4096,7168",INT8;INT8,ND;ND,"2,7168",DT_BF16,ND,805.44,w8a8_dynamic,2,7168,2048,256,8,8,32,glm-5
dynamic,MIX_AIC,"4,7168;32,4096,7168",INT8;INT8,ND;ND,"4,7168",DT_BF16,ND,850.96,w8a8_dynamic,4,7168,2048,256,8,8,32,glm-5
dynamic,MIX_AIC,"8,7168;32,4096,7168",INT8;INT8,ND;ND,"8,7168",DT_BF16,ND,790.26,w8a8_dynamic,8,7168,2048,256,8,8,32,glm-5
dynamic,MIX_AIC,"16,7168;32,4096,7168",INT8;INT8,ND;ND,"16,7168",DT_BF16,ND,806.38,w8a8_dynamic,16,7168,2048,256,8,8,32,glm-5
dynamic,MIX_AIC,"32,7168;32,4096,7168",INT8;INT8,ND;ND,"32,7168",DT_BF16,ND,718.07,w8a8_dynamic,32,7168,2048,256,8,8,32,glm-5
dynamic,MIX_AIC,"64,7168;32,4096,7168",INT8;INT8,ND;ND,"64,7168",DT_BF16,ND,908.42,w8a8_dynamic,64,7168,2048,256,8,8,32,glm-5
dynamic,MIX_AIC,"128,7168;32,4096,7168",INT8;INT8,ND;ND,"128,7168",DT_BF16,ND,1000.14,w8a8_dynamic,128,7168,2048,256,8,8,32,glm-5
dynamic,MIX_AIC,"256,7168;32,4096,7168",INT8;INT8,ND;ND,"256,7168",DT_BF16,ND,1033.70,w8a8_dynamic,256,7168,2048,256,8,8,32,glm-5
dynamic,MIX_AIC,"512,7168;32,4096,7168",INT8;INT8,ND;ND,"512,7168",DT_BF16,ND,1089.76,w8a8_dynamic,512,7168,2048,256,8,8,32,glm-5
dynamic,MIX_AIC,"1024,7168;32,4096,7168",INT8;INT8,ND;ND,"1024,7168",DT_BF16,ND,1182.67,w8a8_dynamic,1024,7168,2048,256,8,8,32,glm-5
dynamic,MIX_AIC,"2048,7168;32,4096,7168",INT8;INT8,ND;ND,"2048,7168",DT_BF16,ND,1541.38,w8a8_dynamic,2048,7168,2048,256,8,8,32,glm-5
dynamic,MIX_AIC,"4096,7168;32,4096,7168",INT8;INT8,ND;ND,"4096,7168",DT_BF16,ND,2484.87,w8a8_dynamic,4096,7168,2048,256,8,8,32,glm-5
dynamic,MIX_AIC,"1,6144;8,18432,6144",INT8;INT8,ND;ND,"1,6144",DT_BF16,ND,616.87,w8a8_dynamic,1,6144,9216,32,2,4,8,minimax-text-01
dynamic,MIX_AIC,"2,6144;8,18432,6144",INT8;INT8,ND;ND,"2,6144",DT_BF16,ND,620.58,w8a8_dynamic,2,6144,9216,32,2,4,8,minimax-text-01
dynamic,MIX_AIC,"4,6144;8,18432,6144",INT8;INT8,ND;ND,"4,6144",DT_BF16,ND,761.22,w8a8_dynamic,4,6144,9216,32,2,4,8,minimax-text-01
dynamic,MIX_AIC,"8,6144;8,18432,6144",INT8;INT8,ND;ND,"8,6144",DT_BF16,ND,769.86,w8a8_dynamic,8,6144,9216,32,2,4,8,minimax-text-01
dynamic,MIX_AIC,"16,6144;8,18432,6144",INT8;INT8,ND;ND,"16,6144",DT_BF16,ND,799.00,w8a8_dynamic,16,6144,9216,32,2,4,8,minimax-text-01
dynamic,MIX_AIC,"32,6144;8,18432,6144",INT8;INT8,ND;ND,"32,6144",DT_BF16,ND,808.88,w8a8_dynamic,32,6144,9216,32,2,4,8,minimax-text-01
dynamic,MIX_AIC,"64,6144;8,18432,6144",INT8;INT8,ND;ND,"64,6144",DT_BF16,ND,917.17,w8a8_dynamic,64,6144,9216,32,2,4,8,minimax-text-01
dynamic,MIX_AIC,"128,6144;8,18432,6144",INT8;INT8,ND;ND,"128,6144",DT_BF16,ND,931.51,w8a8_dynamic,128,6144,9216,32,2,4,8,minimax-text-01
dynamic,MIX_AIC,"256,6144;8,18432,6144",INT8;INT8,ND;ND,"256,6144",DT_BF16,ND,937.82,w8a8_dynamic,256,6144,9216,32,2,4,8,minimax-text-01
dynamic,MIX_AIC,"512,6144;8,18432,6144",INT8;INT8,ND;ND,"512,6144",DT_BF16,ND,975.44,w8a8_dynamic,512,6144,9216,32,2,4,8,minimax-text-01
dynamic,MIX_AIC,"1024,6144;8,18432,6144",INT8;INT8,ND;ND,"1024,6144",DT_BF16,ND,1025.98,w8a8_dynamic,1024,6144,9216,32,2,4,8,minimax-text-01
dynamic,MIX_AIC,"2048,6144;8,18432,6144",INT8;INT8,ND;ND,"2048,6144",DT_BF16,ND,1594.71,w8a8_dynamic,2048,6144,9216,32,2,4,8,minimax-text-01
dynamic,MIX_AIC,"4096,6144;8,18432,6144",INT8;INT8,ND;ND,"4096,6144",DT_BF16,ND,2495.34,w8a8_dynamic,4096,6144,9216,32,2,4,8,minimax-text-01
dynamic,MIX_AIC,"1,3584;64,5120,3584",INT8;INT8,ND;ND,"1,3584",DT_BF16,ND,648.18,w8a8_dynamic,1,3584,2560,64,8,1,64,qwen2-moe-57b
dynamic,MIX_AIC,"2,3584;64,5120,3584",INT8;INT8,ND;ND,"2,3584",DT_BF16,ND,735.79,w8a8_dynamic,2,3584,2560,64,8,1,64,qwen2-moe-57b
dynamic,MIX_AIC,"4,3584;64,5120,3584",INT8;INT8,ND;ND,"4,3584",DT_BF16,ND,732.00,w8a8_dynamic,4,3584,2560,64,8,1,64,qwen2-moe-57b
dynamic,MIX_AIC,"8,3584;64,5120,3584",INT8;INT8,ND;ND,"8,3584",DT_BF16,ND,721.11,w8a8_dynamic,8,3584,2560,64,8,1,64,qwen2-moe-57b
dynamic,MIX_AIC,"16,3584;64,5120,3584",INT8;INT8,ND;ND,"16,3584",DT_BF16,ND,1031.36,w8a8_dynamic,16,3584,2560,64,8,1,64,qwen2-moe-57b
dynamic,MIX_AIC,"32,3584;64,5120,3584",INT8;INT8,ND;ND,"32,3584",DT_BF16,ND,1167.27,w8a8_dynamic,32,3584,2560,64,8,1,64,qwen2-moe-57b
dynamic,MIX_AIC,"64,3584;64,5120,3584",INT8;INT8,ND;ND,"64,3584",DT_BF16,ND,1209.34,w8a8_dynamic,64,3584,2560,64,8,1,64,qwen2-moe-57b
dynamic,MIX_AIC,"128,3584;64,5120,3584",INT8;INT8,ND;ND,"128,3584",DT_BF16,ND,1233.60,w8a8_dynamic,128,3584,2560,64,8,1,64,qwen2-moe-57b
dynamic,MIX_AIC,"256,3584;64,5120,3584",INT8;INT8,ND;ND,"256,3584",DT_BF16,ND,1289.31,w8a8_dynamic,256,3584,2560,64,8,1,64,qwen2-moe-57b
dynamic,MIX_AIC,"512,3584;64,5120,3584",INT8;INT8,ND;ND,"512,3584",DT_BF16,ND,1387.29,w8a8_dynamic,512,3584,2560,64,8,1,64,qwen2-moe-57b
dynamic,MIX_AIC,"1024,3584;64,5120,3584",INT8;INT8,ND;ND,"1024,3584",DT_BF16,ND,2074.68,w8a8_dynamic,1024,3584,2560,64,8,1,64,qwen2-moe-57b
dynamic,MIX_AIC,"2048,3584;64,5120,3584",INT8;INT8,ND;ND,"2048,3584",DT_BF16,ND,3398.87,w8a8_dynamic,2048,3584,2560,64,8,1,64,qwen2-moe-57b
dynamic,MIX_AIC,"4096,3584;64,5120,3584",INT8;INT8,ND;ND,"4096,3584",DT_BF16,ND,6037.52,w8a8_dynamic,4096,3584,2560,64,8,1,64,qwen2-moe-57b
dynamic,MIX_AIC,"1,2048;32,2048,2048",INT8;INT8,ND;ND,"1,2048",DT_BF16,ND,759.68,w8a8_dynamic,1,2048,1024,128,8,4,32,qwen3-moe-30b
dynamic,MIX_AIC,"2,2048;32,2048,2048",INT8;INT8,ND;ND,"2,2048",DT_BF16,ND,768.84,w8a8_dynamic,2,2048,1024,128,8,4,32,qwen3-moe-30b
dynamic,MIX_AIC,"4,2048;32,2048,2048",INT8;INT8,ND;ND,"4,2048",DT_BF16,ND,777.08,w8a8_dynamic,4,2048,1024,128,8,4,32,qwen3-moe-30b
dynamic,MIX_AIC,"8,2048;32,2048,2048",INT8;INT8,ND;ND,"8,2048",DT_BF16,ND,873.03,w8a8_dynamic,8,2048,1024,128,8,4,32,qwen3-moe-30b
dynamic,MIX_AIC,"16,2048;32,2048,2048",INT8;INT8,ND;ND,"16,2048",DT_BF16,ND,854.83,w8a8_dynamic,16,2048,1024,128,8,4,32,qwen3-moe-30b
dynamic,MIX_AIC,"32,2048;32,2048,2048",INT8;INT8,ND;ND,"32,2048",DT_BF16,ND,833.40,w8a8_dynamic,32,2048,1024,128,8,4,32,qwen3-moe-30b
dynamic,MIX_AIC,"64,2048;32,2048,2048",INT8;INT8,ND;ND,"64,2048",DT_BF16,ND,792.35,w8a8_dynamic,64,2048,1024,128,8,4,32,qwen3-moe-30b
dynamic,MIX_AIC,"128,2048;32,2048,2048",INT8;INT8,ND;ND,"128,2048",DT_BF16,ND,734.34,w8a8_dynamic,128,2048,1024,128,8,4,32,qwen3-moe-30b
dynamic,MIX_AIC,"256,2048;32,2048,2048",INT8;INT8,ND;ND,"256,2048",DT_BF16,ND,756.97,w8a8_dynamic,256,2048,1024,128,8,4,32,qwen3-moe-30b
dynamic,MIX_AIC,"512,2048;32,2048,2048",INT8;INT8,ND;ND,"512,2048",DT_BF16,ND,764.37,w8a8_dynamic,512,2048,1024,128,8,4,32,qwen3-moe-30b
dynamic,MIX_AIC,"1024,2048;32,2048,2048",INT8;INT8,ND;ND,"1024,2048",DT_BF16,ND,765.59,w8a8_dynamic,1024,2048,1024,128,8,4,32,qwen3-moe-30b
dynamic,MIX_AIC,"2048,2048;32,2048,2048",INT8;INT8,ND;ND,"2048,2048",DT_BF16,ND,762.65,w8a8_dynamic,2048,2048,1024,128,8,4,32,qwen3-moe-30b
dynamic,MIX_AIC,"4096,2048;32,2048,2048",INT8;INT8,ND;ND,"4096,2048",DT_BF16,ND,793.19,w8a8_dynamic,4096,2048,1024,128,8,4,32,qwen3-moe-30b
