HuggingFaceID,System,Backend,Version,Architecture,Mode,Status
Qwen/Qwen3-235B-A22B,ascend_910b,vllm,0.23.0,Qwen3MoeForCausalLM,agg,PASS
Qwen/Qwen3-235B-A22B,ascend_910b,vllm,0.23.0,Qwen3MoeForCausalLM,disagg,PASS
zai-org/GLM-5,ascend_910b,vllm,0.23.0,GlmMoeDsaForCausalLM,agg,PASS
zai-org/GLM-5,ascend_910b,vllm,0.23.0,GlmMoeDsaForCausalLM,disagg,PASS
deepseek-ai/DeepSeek-V3,ascend_910b,vllm,0.23.0,DeepseekV3ForCausalLM,agg,PASS
deepseek-ai/DeepSeek-V3,ascend_910b,vllm,0.23.0,DeepseekV3ForCausalLM,disagg,PASS
deepseek-ai/DeepSeek-R1,ascend_910b,vllm,0.23.0,DeepseekV3ForCausalLM,agg,PASS
deepseek-ai/DeepSeek-R1,ascend_910b,vllm,0.23.0,DeepseekV3ForCausalLM,disagg,PASS
deepseek-ai/DeepSeek-V4-Pro,ascend_910b,vllm,0.23.0,DeepseekV4ForCausalLM,agg,PASS
deepseek-ai/DeepSeek-V4-Pro,ascend_910b,vllm,0.23.0,DeepseekV4ForCausalLM,disagg,PASS
