model,isl,osl,prefix,concurrency,request_rate,bs,global_bs,ttft,tpot,request_latency,seq/s,seq/s/gpu,tokens/s,tokens/s/gpu,tokens/s/user,num_total_gpus,tp,pp,dp,moe_tp,moe_ep,parallel,gemm,kvcache,fmha,moe,comm,memory,balance_score,num_ctx_reqs,num_gen_reqs,num_tokens,ctx_tokens,gen_tokens,backend,version,system,power_w,tokens/s/gpu_cluster
Qwen/Qwen3-32B,4000,500,0,8,0.773,8,8,1198.259,17.621,9991.197,0.773,0.193,385.5,96.375,56.75,4,4,1,1,1,1,tp4pp1dp1etp1ep1,float16,float16,float16,float16,half,21.642,0.016,1.0,7.0,4007.0,4000,7.0,vllm-ascend,0.18.0,ascend_910b,0.0,96.375
Qwen/Qwen3-32B,4000,500,0,7,0.72,7,7,1170.972,16.347,9328.197,0.72,0.18,359.314,89.828,61.173,4,4,1,1,1,1,tp4pp1dp1etp1ep1,float16,float16,float16,float16,half,21.367,0.014,1.0,6.0,4006.0,4000,6.0,vllm-ascend,0.18.0,ascend_910b,0.0,89.828
Qwen/Qwen3-32B,4000,500,0,6,0.66,6,6,1143.716,15.073,8665.372,0.66,0.165,329.467,82.367,66.342,4,4,1,1,1,1,tp4pp1dp1etp1ep1,float16,float16,float16,float16,half,21.092,0.012,1.0,5.0,4005.0,4000,5.0,vllm-ascend,0.18.0,ascend_910b,0.0,82.367
Qwen/Qwen3-32B,4000,500,0,5,0.591,5,5,1116.489,13.8,8002.723,0.591,0.148,295.14,73.785,72.463,4,4,1,1,1,1,tp4pp1dp1etp1ep1,float16,float16,float16,float16,half,20.817,0.01,1.0,4.0,4004.0,4000,4.0,vllm-ascend,0.18.0,ascend_910b,0.0,73.785
Qwen/Qwen3-32B,4000,500,0,4,0.512,4,4,1089.292,12.527,7340.249,0.512,0.128,255.243,63.811,79.828,4,4,1,1,1,1,tp4pp1dp1etp1ep1,float16,float16,float16,float16,half,20.543,0.008,1.0,3.0,4003.0,4000,3.0,vllm-ascend,0.18.0,ascend_910b,0.0,63.811
Qwen/Qwen3-32B,4000,500,0,6,0.839,6,6,859.995,11.974,6834.927,0.839,0.105,418.684,52.336,83.516,8,8,1,1,1,1,tp8pp1dp1etp1ep1,float16,float16,float16,float16,half,12.64,0.012,1.0,5.0,4005.0,4000,5.0,vllm-ascend,0.18.0,ascend_910b,0.0,52.336
Qwen/Qwen3-32B,4000,500,0,5,0.748,5,5,839.609,11.04,6348.609,0.748,0.093,373.148,46.643,90.579,8,8,1,1,1,1,tp8pp1dp1etp1ep1,float16,float16,float16,float16,half,12.503,0.01,1.0,4.0,4004.0,4000,4.0,vllm-ascend,0.18.0,ascend_910b,0.0,46.643
Qwen/Qwen3-32B,4000,500,0,4,0.643,4,4,819.452,10.107,5862.693,0.643,0.08,320.786,40.098,98.944,8,8,1,1,1,1,tp8pp1dp1etp1ep1,float16,float16,float16,float16,half,12.365,0.008,1.0,3.0,4003.0,4000,3.0,vllm-ascend,0.18.0,ascend_910b,0.0,40.098
Qwen/Qwen3-32B,4000,500,0,3,0.516,3,3,799.303,10.059,5818.903,0.516,0.065,257.71,32.214,99.41,8,8,1,1,1,1,tp8pp1dp1etp1ep1,float16,float16,float16,float16,half,12.228,0.006,1.0,2.0,4002.0,4000,2.0,vllm-ascend,0.18.0,ascend_910b,0.0,32.214
Qwen/Qwen3-32B,4000,500,0,2,0.371,2,2,776.765,10.009,5771.498,0.371,0.046,185.052,23.132,99.905,8,8,1,1,1,1,tp8pp1dp1etp1ep1,float16,float16,float16,float16,half,12.091,0.004,1.0,1.0,4001.0,4000,1.0,vllm-ascend,0.18.0,ascend_910b,0.0,23.132
Qwen/Qwen3-32B,4000,500,0,1,0.229,1,1,752.262,7.955,4721.654,0.229,0.029,114.31,14.289,125.712,8,8,1,1,1,1,tp8pp1dp1etp1ep1,float16,float16,float16,float16,half,11.953,0.002,1.0,1.0,4000.0,4000,1.0,vllm-ascend,0.18.0,ascend_910b,0.0,14.289
